Name,Day of Week,Available at,Available until
Christy Schumm,Monday, 9:00AM, 5:30PM
Christy Schumm,Tuesday, 8:00AM, 4:00PM
Christy Schumm,Thursday, 9:00AM, 4:00PM
Christy Schumm,Friday, 7:00AM, 2:00PM
Natalia Stanton Jr.,Tuesday, 8:00AM,10:00AM
Natalia Stanton Jr.,Wednesday,11:00AM, 6:00PM
Natalia Stanton Jr.,Saturday, 9:00AM, 3:00PM
Natalia Stanton Jr.,Sunday, 8:00AM, 3:00PM
Nola Murazik V,Monday, 8:00AM,10:00AM
Nola Murazik V,Tuesday,11:00AM, 1:00PM
Nola Murazik V,Wednesday, 8:00AM,10:00AM
Nola Murazik V,Saturday, 8:00AM,11:00AM
Nola Murazik V,Sunday, 7:00AM, 9:00AM
Elyssa O'Kon,Monday, 9:00AM, 3:00PM
Elyssa O'Kon,Tuesday, 6:00AM, 1:00PM
Elyssa O'Kon,Wednesday, 6:00AM,11:00AM
Elyssa O'Kon,Friday, 8:00AM,12:00PM
Elyssa O'Kon,Saturday, 9:00AM, 4:00PM
Elyssa O'Kon,Sunday, 8:00AM,10:00AM
Dr. Geovany Keebler,Thursday, 7:00AM, 2:00PM
Dr. Geovany Keebler,Thursday, 3:00PM, 5:00PM
